"1","1","Akarawita","1"
"2","1","Akuregoda","1"
"3","1","Angoda","1"
"4","1","Athurugiriya","1"
"5","1","Avissawella","1"
"6","1","Batawala","1"
"7","1","Battaramulla","1"
"8","1","Batugampola","1"
"9","1","Bellanwila","1"
"10","1","Bope","1"
"11","1","Boralesgamuwa","1"
"12","1","Colombo 1","1"
"13","1","Colombo 10","1"
"14","1","Colombo 11","1"
"15","1","Colombo 12","1"
"16","1","Colombo 13","1"
"17","1","Colombo 14","1"
"18","1","Colombo 15","1"
"19","1","Colombo 2","1"
"20","1","Colombo 3","1"
"21","1","Colombo 4","1"
"22","1","Colombo 5","1"
"23","1","Colombo 6","1"
"24","1","Colombo 7","1"
"25","1","Colombo 8","1"
"26","1","Colombo 9","1"
"27","1","Dedigamuwa","1"
"28","1","Dehiwala","1"
"29","1","Deltara","1"
"30","1","Ethul Kotte","1"
"31","1","Godagama","1"
"32","1","Gothatuwa","1"
"33","1","Habarakada","1"
"34","1","Handapangoda","1"
"35","1","Hanwella","1"
"36","1","Hewainna","1"
"37","1","Hiripitya","1"
"38","1","Hokandara","1"
"39","1","Homagama","1"
"40","1","Horagala","1"
"41","1","Ingiriya","1"
"42","1","Kaduwela","1"
"43","1","Kahathuduwa","1"
"44","1","Kahawala","1"
"45","1","Kalatuwawa","1"
"46","1","Kaluaggala","1"
"47","1","Kalubowila","1"
"48","1","Kesbewa","1"
"49","1","Kiriwattuduwa","1"
"50","1","Kohuwala","1"
"51","1","Kolonnawa","1"
"52","1","Kosgama","1"
"53","1","Kotikawatta","1"
"54","1","Kottawa","1"
"55","1","Kotte","1"
"56","1","Madapatha","1"
"57","1","Madiwela","1"
"58","1","Maharagama","1"
"59","1","Malabe","1"
"60","1","Mattegoda","1"
"61","1","Meegoda","1"
"62","1","Meepe","1"
"63","1","Moragahahena","1"
"64","1","Moratuwa","1"
"65","1","Mount Lavinia","1"
"66","1","Mullegama","1"
"67","1","Mulleriyawa New Town","1"
"68","1","Napawela","1"
"69","1","Navagamuwa","1"
"70","1","Nawala","1"
"71","1","Nugegoda","1"
"72","1","Padukka","1"
"73","1","Pannipitiya","1"
"74","1","Pelawatta","1"
"75","1","Peliyagoda","1"
"76","1","Pepiliyana","1"
"77","1","Piliyandala","1"
"78","1","Pita Kotte","1"
"79","1","Pitipana Homagama","1"
"80","1","Polgasowita","1"
"81","1","Puwakpitiya","1"
"82","1","Rajagiriya","1"
"83","1","Ranala","1"
"84","1","Ratmalana","1"
"85","1","Siddamulla","1"
"86","1","Sri Jayawardenepura Kotte","1"
"87","1","Talawatugoda","1"
"88","1","Thalapathpitiya","1"
"89","1","Tummodara","1"
"90","1","Waga","1"
"91","1","Watareka","1"
"92","1","Wellampitiya","1"
"93","2","Akaragama","1"
"94","2","Alawala","1"
"95","2","Ambagaspitiya","1"
"96","2","Ambepussa","1"
"97","2","Andiambalama","1"
"98","2","Attanagalla","1"
"99","2","Badalgama","1"
"100","2","Balabowa","1"
"101","2","Banduragoda","1"
"102","2","Batuwatta","1"
"103","2","Bemmulla","1"
"104","2","Biyagama","1"
"105","2","Biyagama IPZ","1"
"106","2","Bokalagama","1"
"107","2","Bollete (WP)","1"
"108","2","Bopagama","1"
"109","2","Buthpitiya","1"
"110","2","Dagonna","1"
"111","2","Dalugama","1"
"112","2","Danowita","1"
"113","2","Debahera","1"
"114","2","Dekatana","1"
"115","2","Delgoda","1"
"116","2","Delwagura","1"
"117","2","Demalagama","1"
"118","2","Demanhandiya","1"
"119","2","Dewalapola","1"
"120","2","Divulapitiya","1"
"121","2","Divuldeniya","1"
"122","2","Dompe","1"
"123","2","Dunagaha","1"
"124","2","Ekala","1"
"125","2","Ellakkala","1"
"126","2","Essella","1"
"127","2","Gampaha","1"
"128","2","Ganemulla","1"
"129","2","GonawalaWP","1"
"130","2","Heiyanthuduwa","1"
"131","2","Hendala","1"
"132","2","Henegama","1"
"133","2","Hinatiyana Madawala","1"
"134","2","Hiswella","1"
"135","2","Horampella","1"
"136","2","Hunumulla","1"
"137","2","Ihala Madampella","1"
"138","2","Imbulgoda","1"
"139","2","Ja-Ela","1"
"140","2","Kadawatha","1"
"141","2","Kadirana","1"
"142","2","Kahatowita","1"
"143","2","Kalagedihena","1"
"144","2","Kaleliya","1"
"145","2","Kandana","1"
"146","2","Kapugoda","1"
"147","2","Katana","1"
"148","2","Kattuwa","1"
"149","2","Katunayake","1"
"150","2","Katunayake Air Force Camp","1"
"151","2","Katunayake(FTZ)","1"
"152","2","Katuwellegama","1"
"153","2","Kelaniya","1"
"154","2","Kimbulapitiya","1"
"155","2","Kiribathgoda","1"
"156","2","Kirillawala","1"
"157","2","Kirindiwela","1"
"158","2","Kitalawalana","1"
"159","2","Kitulwala","1"
"160","2","Kochchikade","1"
"161","2","Kotadeniyawa","1"
"162","2","Kotugoda","1"
"163","2","Kumbaloluwa","1"
"164","2","Loluwagoda","1"
"165","2","Lunugama","1"
"166","2","Mabodale","1"
"167","2","Madelgamuwa","1"
"168","2","Mahabage","1"
"169","2","Makewita","1"
"170","2","Makola","1"
"171","2","Malwana","1"
"172","2","Mandawala","1"
"173","2","Marandagahamula","1"
"174","2","Mellawagedara","1"
"175","2","Minuwangoda","1"
"176","2","Mirigama","1"
"177","2","Mithirigala","1"
"178","2","Muddaragama","1"
"179","2","Mudungoda","1"
"180","2","Naranwala","1"
"181","2","Nawana","1"
"182","2","Nedungamuwa","1"
"183","2","Negombo","1"
"184","2","Nikahetikanda","1"
"185","2","Nittambuwa","1"
"186","2","Niwandama","1"
"187","2","Pallewela","1"
"188","2","Pamunugama","1"
"189","2","Pamunuwatta","1"
"190","2","Pasyala","1"
"191","2","Peliyagoda","1"
"192","2","Pepiliyawala","1"
"193","2","Pethiyagoda","1"
"194","2","Polpithimukulana","1"
"195","2","Pugoda","1"
"196","2","Radawadunna","1"
"197","2","Radawana","1"
"198","2","Raddolugama","1"
"199","2","Ragama","1"
"200","2","Ruggahawila","1"
"201","2","Rukmale","1"
"202","2","Seeduwa","1"
"203","2","Siyambalape","1"
"204","2","Talahena","1"
"205","2","Thihariya","1"
"206","2","Thimbirigaskatuwa","1"
"207","2","Tittapattara","1"
"208","2","Udathuthiripitiya","1"
"209","2","Udugampola","1"
"210","2","Uggalboda","1"
"211","2","Urapola","1"
"212","2","Uswetakeiyawa","1"
"213","2","Veyangoda","1"
"214","2","Walgammulla","1"
"215","2","Walpita","1"
"216","2","Walpola (WP)","1"
"217","2","Wanaluwewa","1"
"218","2","Wathurugama","1"
"219","2","Watinapaha","1"
"220","2","Wattala","1"
"221","2","Weboda","1"
"222","2","Wegowwa","1"
"223","2","Welisara","1"
"224","2","Weliveriya","1"
"225","2","Weweldeniya","1"
"226","2","Yakkala","1"
"227","2","Yatiyana(WP)","1"
"228","3","Agalawatta","1"
"229","3","Alubomulla","1"
"230","3","Alutgama","1"
"231","3","Anguruwatota","1"
"232","3","Baduraliya","1"
"233","3","Bandaragama","1"
"234","3","Bellana","1"
"235","3","Benthara","1"
"236","3","Beruwala","1"
"237","3","Bolossagama","1"
"238","3","Bombuwala","1"
"239","3","Boralugoda","1"
"240","3","Bulathsinhala","1"
"241","3","Danawala Thiniyawala","1"
"242","3","Delmella","1"
"243","3","Dharga Town","1"
"244","3","Diwalakada","1"
"245","3","Dodangoda","1"
"246","3","Dombagoda","1"
"247","3","Galpatha","1"
"248","3","Gamagoda","1"
"249","3","Gonapola Junction","1"
"250","3","Govinna","1"
"251","3","Gurulubadda","1"
"252","3","Halkandawila","1"
"253","3","Haltota","1"
"254","3","Halwala","1"
"255","3","Halwatura","1"
"256","3","Hedigalla Colony","1"
"257","3","Horana","1"
"258","3","Ittapana","1"
"259","3","Kalawila Kiranthidiya","1"
"260","3","Kalutara","1"
"261","3","Kananwila","1"
"262","3","Kandanagama","1"
"263","3","Kehelwatta","1"
"264","3","Kelinkanda","1"
"265","3","Kitulgoda","1"
"266","3","Koholana","1"
"267","3","Kuda Uduwa","1"
"268","3","Kumbuka","1"
"269","3","lngiriya","1"
"270","3","Maggona","1"
"271","3","Mahagama","1"
"272","3","Mahakalupahana","1"
"273","3","Matugama","1"
"274","3","Meegahatenna","1"
"275","3","Meegama","1"
"276","3","Millaniya","1"
"277","3","Millewa","1"
"278","3","Miwanapalana","1"
"279","3","Molkawa","1"
"280","3","Morapitiya","1"
"281","3","Morontuduwa","1"
"282","3","Nawattuduwa","1"
"283","3","Neboda","1"
"284","3","Padagoda","1"
"285","3","Pahalahewessa","1"
"286","3","Paiyagala","1"
"287","3","Panadura","1"
"288","3","Pannila","1"
"289","3","Paragastota","1"
"290","3","Paragoda","1"
"291","3","Paraigama","1"
"292","3","Pelanda","1"
"293","3","Pelawatta","1"
"294","3","Pokunuwita","1"
"295","3","Polgampola","1"
"296","3","Poruwedanda","1"
"297","3","Remunagoda","1"
"298","3","Tebuwana","1"
"299","3","Uduwara","1"
"300","3","Utumgama","1"
"301","3","Veyangalla","1"
"302","3","Wadduwa","1"
"303","3","Walagedara","1"
"304","3","Walallawita","1"
"305","3","Waskaduwa","1"
"306","3","Welipenna","1"
"307","3","Welmilla Junction","1"
"308","3","Yagirala","1"
"309","3","Yatadolawatta","1"
"310","3","Yatawara Junction","1"
"311","4","Akurana","1"
"312","4","Alawatugoda","1"
"313","4","Aludeniya","1"
"314","4","Ambagahapelessa","1"
"315","4","Ambatenna","1"
"316","4","Ampitiya","1"
"317","4","Aniwatta","1"
"318","4","Ankumbura","1"
"319","4","Asgiriya","1"
"320","4","Atabage","1"
"321","4","Balagolla","1"
"322","4","Balana","1"
"323","4","Bambaragahaela","1"
"324","4","Barawardhana Oya","1"
"325","4","Batagolladeniya","1"
"326","4","Batugoda","1"
"327","4","Batumulla","1"
"328","4","Bawlana","1"
"329","4","Bopana","1"
"330","4","Dangolla","1"
"331","4","Danture","1"
"332","4","Dedunupitiya","1"
"333","4","Dekinda","1"
"334","4","Deltota","1"
"335","4","Digana","1"
"336","4","Dolapihilla","1"
"337","4","Dolosbage","1"
"338","4","Doluwa","1"
"339","4","Doragamuwa","1"
"340","4","Dunuwila","1"
"341","4","Ekiriya","1"
"342","4","Elamulla","1"
"343","4","Elkaduwa","1"
"344","4","Etulgama","1"
"345","4","Galaboda","1"
"346","4","Galagedara","1"
"347","4","Galaha","1"
"348","4","Galhinna","1"
"349","4","Gallellagama","1"
"350","4","Gampola","1"
"351","4","Gelioya","1"
"352","4","Godamunna","1"
"353","4","Gomagoda","1"
"354","4","Gonagantenna","1"
"355","4","Gonawalapatana","1"
"356","4","Gunnepana","1"
"357","4","Gurudeniya","1"
"358","4","Halloluwa","1"
"359","4","Handaganawa","1"
"360","4","Handawalapitiya","1"
"361","4","Handessa","1"
"362","4","Hanguranketha","1"
"363","4","Hantane","1"
"364","4","Haragama","1"
"365","4","Harankahawa","1"
"366","4","Hasalaka","1"
"367","4","Hataraliyadda","1"
"368","4","Heerassagala","1"
"369","4","Hewaheta","1"
"370","4","Hindagala","1"
"371","4","Hondiyadeniya","1"
"372","4","Hunnasgiriya","1"
"373","4","Jambugahapitiya","1"
"374","4","Kadugannawa","1"
"375","4","Kahataliyadda","1"
"376","4","Kalugala","1"
"377","4","Kandy","1"
"378","4","Kapuliyadde","1"
"379","4","Karandagolla","1"
"380","4","Katugastota","1"
"381","4","Kengalla","1"
"382","4","Ketakumbura","1"
"383","4","Ketawala Leula","1"
"384","4","Kiribathkumbura","1"
"385","4","Kobonila","1"
"386","4","Kolabissa","1"
"387","4","Kolongoda","1"
"388","4","Kulugammana","1"
"389","4","Kumbukkandura","1"
"390","4","Kumburegama","1"
"391","4","Kundasale","1"
"392","4","Leemagahakotuwa","1"
"393","4","Lewella","1"
"394","4","lhala Kobbekaduwa","1"
"395","4","lllagolla","1"
"396","4","Lunuketiya Maditta","1"
"397","4","Madawala Bazaar","1"
"398","4","Madugalla","1"
"399","4","Madulkele","1"
"400","4","Mahadoraliyadda","1"
"401","4","Mahamedagama","1"
"402","4","Mailapitiya","1"
"403","4","Makkanigama","1"
"404","4","Makuldeniya","1"
"405","4","Mandaram Nuwara","1"
"406","4","Mapakanda","1"
"407","4","Marassana","1"
"408","4","Marymount Colony","1"
"409","4","Maturata","1"
"410","4","Mawatura","1"
"411","4","Mawilmada","1"
"412","4","Medamahanuwara","1"
"413","4","Medawala Harispattuwa","1"
"414","4","Meetalawa","1"
"415","4","Megoda Kalugamuwa","1"
"416","4","Menikdiwela","1"
"417","4","Menikhinna","1"
"418","4","Mimure","1"
"419","4","Minigamuwa","1"
"420","4","Minipe","1"
"421","4","Murutalawa","1"
"422","4","Muruthagahamulla","1"
"423","4","Naranpanawa","1"
"424","4","Nattarampotha","1"
"425","4","Nawalapitiya","1"
"426","4","Nillambe","1"
"427","4","Nugaliyadda","1"
"428","4","Nugawela","1"
"429","4","Pallebowala","1"
"430","4","Pallekelle","1"
"431","4","Pallekotuwa","1"
"432","4","Panvila","1"
"433","4","Panwilatenna","1"
"434","4","Paradeka","1"
"435","4","Pasbage","1"
"436","4","Pattitalawa","1"
"437","4","Pattiya Watta","1"
"438","4","Peradeniya","1"
"439","4","Pilawala","1"
"440","4","Pilimatalawa","1"
"441","4","Poholiyadda","1"
"442","4","Polgolla","1"
"443","4","Pujapitiya","1"
"444","4","Pupuressa","1"
"445","4","Pussellawa","1"
"446","4","Putuhapuwa","1"
"447","4","Rajawella","1"
"448","4","Rambukpitiya","1"
"449","4","Rambukwella","1"
"450","4","Rangala","1"
"451","4","Rantembe","1"
"452","4","Rathukohodigala","1"
"453","4","Rikillagaskada","1"
"454","4","Sangarajapura","1"
"455","4","Senarathwela","1"
"456","4","Talatuoya","1"
"457","4","Tawalantenna","1"
"458","4","Teldeniya","1"
"459","4","Tennekumbura","1"
"460","4","Uda Peradeniya","1"
"461","4","Udahentenna","1"
"462","4","Udahingulwala","1"
"463","4","Udatalawinna","1"
"464","4","Udawatta","1"
"465","4","Udispattuwa","1"
"466","4","Ududumbara","1"
"467","4","Uduwa","1"
"468","4","Uduwahinna","1"
"469","4","Uduwela","1"
"470","4","Ulapane","1"
"471","4","Ulpothagama","1"
"472","4","Unuwinna","1"
"473","4","Velamboda","1"
"474","4","Watagoda Harispattuwa","1"
"475","4","Watapuluwa","1"
"476","4","Wattappola","1"
"477","4","Wattegama","1"
"478","4","Weligalla","1"
"479","4","Weligampola","1"
"480","4","Wendaruwa","1"
"481","4","Weragantota","1"
"482","4","Werapitya","1"
"483","4","Werellagama","1"
"484","4","Wettawa","1"
"485","4","Wilanagama","1"
"486","4","Yahalatenna","1"
"487","4","Yatihalagala","1"
"488","5","Akuramboda","1"
"489","5","Alwatta","1"
"490","5","Ambana","1"
"491","5","Ataragallewa","1"
"492","5","Bambaragaswewa","1"
"493","5","Beligamuwa","1"
"494","5","Dambulla","1"
"495","5","Dankanda","1"
"496","5","Devagiriya","1"
"497","5","Dewahuwa","1"
"498","5","Dullewa","1"
"499","5","Dunkolawatta","1"
"500","5","Dunuwilapitiya","1"
"501","5","Elkaduwa","1"
"502","5","Erawula Junction","1"
"503","5","Etanawala","1"
"504","5","Galewela","1"
"505","5","Gammaduwa","1"
"506","5","Gangala Puwakpitiya","1"
"507","5","Handungamuwa","1"
"508","5","Hattota Amuna","1"
"509","5","Imbulgolla","1"
"510","5","Inamaluwa","1"
"511","5","Kaikawala","1"
"512","5","Kalundawa","1"
"513","5","Kandalama","1"
"514","5","Karagahinna","1"
"515","5","Katudeniya","1"
"516","5","Kavudupelella","1"
"517","5","Kibissa","1"
"518","5","Kiwula","1"
"519","5","Kongahawela","1"
"520","5","Laggala Pallegama","1"
"521","5","Leliambe","1"
"522","5","Lenadora","1"
"523","5","lllukkumbura","1"
"524","5","Madawala Ulpotha","1"
"525","5","Madipola","1"
"526","5","Mahawela","1"
"527","5","Mananwatta","1"
"528","5","Maraka","1"
"529","5","Matale","1"
"530","5","Melipitiya","1"
"531","5","Metihakka","1"
"532","5","Millawana","1"
"533","5","Muwandeniya","1"
"534","5","Nalanda","1"
"535","5","Naula","1"
"536","5","Nugagolla","1"
"537","5","Opalgala","1"
"538","5","Ovilikanda","1"
"539","5","Palapathwela","1"
"540","5","Pallepola","1"
"541","5","Perakanatta","1"
"542","5","Pubbiliya","1"
"543","5","Ranamuregama","1"
"544","5","Rattota","1"
"545","5","Selagama","1"
"546","5","Sigiriya","1"
"547","5","Talagoda Junction","1"
"548","5","Talakiriyagama","1"
"549","5","Udasgiriya","1"
"550","5","Udatenna","1"
"551","5","Ukuwela","1"
"552","5","Wahacotte","1"
"553","5","Walawela","1"
"554","5","Wehigala","1"
"555","5","Welangahawatte","1"
"556","5","Wewalawewa","1"
"557","5","Wilgamuwa","1"
"558","5","Yatawatta","1"
"559","6","Agarapathana","1"
"560","6","Ambagamuwa Udabulathgama","1"
"561","6","Ambatalawa","1"
"562","6","Ambewela","1"
"563","6","Bogawantalawa","1"
"564","6","Bopattalawa","1"
"565","6","Dagampitiya","1"
"566","6","Dayagama Bazaar","1"
"567","6","Dikoya","1"
"568","6","Doragala","1"
"569","6","Dunukedeniya","1"
"570","6","Ginigathena","1"
"571","6","Gonakele","1"
"572","6","Haggala","1"
"573","6","Halgranoya","1"
"574","6","Hangarapitiya","1"
"575","6","Hapugastalawa","1"
"576","6","Harangalagama","1"
"577","6","Harasbedda","1"
"578","6","Hatton","1"
"579","6","Hedunuwewa","1"
"580","6","Hitigegama","1"
"581","6","Kalaganwatta","1"
"582","6","Kandapola","1"
"583","6","Katukitula","1"
"584","6","Keerthi Bandarapura","1"
"585","6","Kelanigama","1"
"586","6","Ketaboola","1"
"587","6","Kotagala","1"
"588","6","Kotmale","1"
"589","6","Kottellena","1"
"590","6","Kumbalgamuwa","1"
"591","6","Kumbukwela","1"
"592","6","Kurupanawela","1"
"593","6","Labukele","1"
"594","6","Laxapana","1"
"595","6","Lindula","1"
"596","6","Madulla","1"
"597","6","Maldeniya","1"
"598","6","Maskeliya","1"
"599","6","Maswela","1"
"600","6","Mipanawa","1"
"601","6","Mipilimana","1"
"602","6","Morahenagama","1"
"603","6","Munwatta","1"
"604","6","Nanuoya","1"
"605","6","Nawathispane","1"
"606","6","Nayapana Janapadaya","1"
"607","6","Nildandahinna","1"
"608","6","Nissanka Uyana","1"
"609","6","Norwood","1"
"610","6","Nuwara Eliya","1"
"611","6","Padiyapelella","1"
"612","6","Patana","1"
"613","6","Pattipola","1"
"614","6","Pitawala","1"
"615","6","Pundaluoya","1"
"616","6","Ramboda","1"
"617","6","Rozella","1"
"618","6","Rupaha","1"
"619","6","Ruwaneliya","1"
"620","6","Santhipura","1"
"621","6","Talawakele","1"
"622","6","Teripeha","1"
"623","6","Udamadura","1"
"624","6","Udapussallawa","1"
"625","6","Walapane","1"
"626","6","Watagoda","1"
"627","6","Watawala","1"
"628","6","Widulipura","1"
"629","6","Wijebahukanda","1"
"630","7","Ampilanthurai","1"
"631","7","Araipattai","1"
"632","7","Ayithiyamalai","1"
"633","7","Bakiella","1"
"634","7","Batticaloa","1"
"635","7","Cheddipalayam","1"
"636","7","Chenkaladi","1"
"637","7","Eravur","1"
"638","7","Kalkudah","1"
"639","7","Kallar","1"
"640","7","Kaluwanchikudi","1"
"641","7","Kaluwankemy","1"
"642","7","Kannankudah","1"
"643","7","Karadiyanaru","1"
"644","7","Kathiraveli","1"
"645","7","Kattankudi","1"
"646","7","Kiran","1"
"647","7","Kirankulam","1"
"648","7","Koddaikallar","1"
"649","7","Kokkaddichcholai","1"
"650","7","Kurukkalmadam","1"
"651","7","Mandur","1"
"652","7","Mankemi","1"
"653","7","Miravodai","1"
"654","7","Murakottanchanai","1"
"655","7","Navagirinagar","1"
"656","7","Navatkadu","1"
"657","7","Oddamavadi","1"
"658","7","Panichankemi","1"
"659","7","Pankudavely","1"
"660","7","Periyaporativu","1"
"661","7","Periyapullumalai","1"
"662","7","Pillaiyaradi","1"
"663","7","Punanai","1"
"664","7","Puthukudiyiruppu","1"
"665","7","Thannamunai","1"
"666","7","Thettativu","1"
"667","7","Thikkodai","1"
"668","7","Thirupalugamam","1"
"669","7","Thuraineelavanai","1"
"670","7","Unnichchai","1"
"671","7","Vakaneri","1"
"672","7","Vakarai","1"
"673","7","Valaichenai","1"
"674","7","Vantharumoolai","1"
"675","7","Vellavely","1"
"676","8","Agbopura","1"
"677","8","Buckmigama","1"
"678","8","Chinabay","1"
"679","8","Dehiwatte","1"
"680","8","Echchilampattai","1"
"681","8","Galmetiyawa","1"
"682","8","Gomarankadawala","1"
"683","8","Kaddaiparichchan","1"
"684","8","Kanniya","1"
"685","8","Kantalai","1"
"686","8","Kantalai Sugar Factory","1"
"687","8","Kiliveddy","1"
"688","8","Kinniya","1"
"689","8","Kuchchaveli","1"
"690","8","Kumburupiddy","1"
"691","8","Kurinchakemy","1"
"692","8","Lankapatuna","1"
"693","8","Mahadivulwewa","1"
"694","8","Maharugiramam","1"
"695","8","Mallikativu","1"
"696","8","Mawadichenai","1"
"697","8","Mullipothana","1"
"698","8","Mutur","1"
"699","8","Neelapola","1"
"700","8","Nilaveli","1"
"701","8","Pankulam","1"
"702","8","Rottawewa","1"
"703","8","Sampaltivu","1"
"704","8","Sampur","1"
"705","8","Serunuwara","1"
"706","8","Seruwila","1"
"707","8","Sirajnagar","1"
"708","8","Somapura","1"
"709","8","Tampalakamam","1"
"710","8","Tiriyayi","1"
"711","8","Toppur","1"
"712","8","Trincomalee","1"
"713","8","Vellamanal","1"
"714","8","Wanela","1"
"715","9","Addalaichenai","1"
"716","9","Akkaraipattu","1"
"717","9","Ampara","1"
"718","9","Bakmitiyawa","1"
"719","9","Central Camp","1"
"720","9","Dadayamtalawa","1"
"721","9","Damana","1"
"722","9","Damanewela","1"
"723","9","Deegawapiya","1"
"724","9","Dehiattakandiya","1"
"725","9","Devalahinda","1"
"726","9","Digamadulla Weeragoda","1"
"727","9","Dorakumbura","1"
"728","9","Galapitagala","1"
"729","9","Gonagolla","1"
"730","9","Hingurana","1"
"731","9","Hulannuge","1"
"732","9","Kalmunai","1"
"733","9","Kannakipuram","1"
"734","9","Karativu","1"
"735","9","Kekirihena","1"
"736","9","Koknahara","1"
"737","9","Kolamanthalawa","1"
"738","9","Komari","1"
"739","9","Lahugala","1"
"740","9","lmkkamam","1"
"741","9","Madawalalanda","1"
"742","9","Mahanagapura","1"
"743","9","Mahaoya","1"
"744","9","Malwatta","1"
"745","9","Mangalagama","1"
"746","9","Marathamune","1"
"747","9","Mawanagama","1"
"748","9","Moragahapallama","1"
"749","9","Namaloya","1"
"750","9","Navithanveli","1"
"751","9","Nawamedagama","1"
"752","9","Nintavur","1"
"753","9","Oluvil","1"
"754","9","Padiyatalawa","1"
"755","9","Pahalalanda","1"
"756","9","Palamunai","1"
"757","9","Panama","1"
"758","9","Pannalagama","1"
"759","9","Paragahakele","1"
"760","9","Periyaneelavanai","1"
"761","9","Polwaga Janapadaya","1"
"762","9","Pottuvil","1"
"763","9","Rajagalatenna","1"
"764","9","Sainthamaruthu","1"
"765","9","Samanthurai","1"
"766","9","Serankada","1"
"767","9","Siripura","1"
"768","9","Siyambalawewa","1"
"769","9","Tempitiya","1"
"770","9","Thambiluvil","1"
"771","9","Tirukovil","1"
"772","9","Uhana","1"
"773","9","Wadinagala","1"
"774","9","Wanagamuwa","1"
"775","9","Werunketagoda","1"
"776","10","Allaipiddi","1"
"777","10","Allaveddi","1"
"778","10","Alvai","1"
"779","10","Anaicoddai","1"
"780","10","Analaitivu","1"
"781","10","Atchuveli","1"
"782","10","Chankanai","1"
"783","10","Chavakachcheri","1"
"784","10","Chullipuram","1"
"785","10","Chundikuli","1"
"786","10","Chunnakam","1"
"787","10","Delft","1"
"788","10","DelftWest","1"
"789","10","Eluvaitivu","1"
"790","10","Erlalai","1"
"791","10","Jaffna","1"
"792","10","Kaitadi","1"
"793","10","Kankesanthurai","1"
"794","10","Karainagar","1"
"795","10","Karaveddi","1"
"796","10","Kayts","1"
"797","10","Kodikamam","1"
"798","10","Kokuvil","1"
"799","10","Kondavil","1"
"800","10","Kopay","1"
"801","10","Kudatanai","1"
"802","10","llavalai","1"
"803","10","Mallakam","1"
"804","10","Manipay","1"
"805","10","Mathagal","1"
"806","10","Meesalai","1"
"807","10","Mirusuvil","1"
"808","10","Nagar Kovil","1"
"809","10","Nainathivu","1"
"810","10","Neervely","1"
"811","10","Pandaterippu","1"
"812","10","Point Pedro","1"
"813","10","Pungudutivu","1"
"814","10","Putur","1"
"815","10","Sandilipay","1"
"816","10","Sithankemy","1"
"817","10","Tellippallai","1"
"818","10","Thondamanaru","1"
"819","10","Urumpirai","1"
"820","10","Vaddukoddai","1"
"821","10","Valvettithurai","1"
"822","10","Vannarponnai","1"
"823","10","Varany","1"
"824","10","Vasavilan","1"
"825","10","Velanai","1"
"827","11","Adampan","1"
"828","11","Arippu","1"
"829","11","Athimottai","1"
"830","11","Chilavathurai","1"
"831","11","Erukkalampiddy","1"
"832","11","llluppaikadavai","1"
"833","11","Madhu Church","1"
"834","11","Madhu Road","1"
"835","11","Mannar","1"
"836","11","Marichchi Kaddi","1"
"837","11","Murunkan","1"
"838","11","Nanattan","1"
"839","11","P.P.Potkemy","1"
"840","11","Palampiddy","1"
"841","11","Periyakunchikulam","1"
"842","11","Periyamadhu","1"
"843","11","Pesalai","1"
"844","11","Talaimannar","1"
"845","11","Temple","1"
"846","11","Tharapuram","1"
"847","11","Thiruketheeswaram Temple","1"
"848","11","Uyilankulam","1"
"849","11","Vaddakandal","1"
"850","11","Vankalai","1"
"851","11","Vellan Kulam","1"
"852","11","Vidataltivu","1"
"853","12","Alampil","1"
"854","12","Karuppaddamurippu","1"
"855","12","Kokkilai","1"
"856","12","Kokkuthuoduvai","1"
"857","12","Mankulam","1"
"858","12","Mullativu","1"
"859","12","Mullivaikkal","1"
"860","12","Mulliyawalai","1"
"861","12","Muthauyan Kaddakulam","1"
"862","12","Naddan Kandal","1"
"863","12","Odduchudan","1"
"864","12","Puthuvedduvan","1"
"865","12","Thunukkai","1"
"866","12","Udayarkaddu","1"
"867","12","Vavunakkulam","1"
"868","12","Visvamadukulam","1"
"869","12","Yogapuram","1"
"870","13","Akkarayankulam","1"
"871","13","Cheddikulam","1"
"872","13","Chemamadukkulam","1"
"873","13","Elephant Pass","1"
"874","13","Eluthumadduval","1"
"875","13","Iranai lluppaikulam","1"
"876","13","Iranaitiv","1"
"877","13","Kanagarayankulam","1"
"878","13","Kanavil","1"
"879","13","Kandavalai","1"
"880","13","Kavutharimunai","1"
"881","13","Kilinochchi","1"
"882","13","lyakachchi","1"
"883","13","Mahakachchakodiya","1"
"884","13","Mamaduwa","1"
"885","13","Maraiyadithakulam","1"
"886","13","Mulliyan","1"
"887","13","Murasumoddai","1"
"888","13","Nedunkemy","1"
"889","13","Neriyakulam","1"
"890","13","Omanthai","1"
"891","13","Palamoddai","1"
"892","13","Pallai","1"
"893","13","Pallavarayankaddu","1"
"894","13","Pampaimadu","1"
"895","13","Paranthan","1"
"896","13","Pavaikulam","1"
"897","13","Periyathambanai","1"
"898","13","Periyaulukkulam","1"
"899","13","Purakari Nallur","1"
"900","13","Ramanathapuram","1"
"901","13","Sasthrikulankulam","1"
"902","13","Sivapuram","1"
"903","13","Skanthapuram","1"
"904","13","Thalayadi","1"
"905","13","Tharmapuram","1"
"906","13","Uruthirapuram","1"
"907","13","Vaddakachchi","1"
"908","13","Vannerikkulam","1"
"909","13","Varikkuttiyoor","1"
"910","13","Vavuniya","1"
"911","13","Veravil","1"
"912","13","Vinayagapuram","1"
"956","14","Andiyagala","1"
"957","14","Angamuwa","1"
"958","14","Anuradhapura","1"
"959","14","Awukana","1"
"960","14","Bogahawewa","1"
"961","14","Dematawewa","1"
"962","14","Dunumadalawa","1"
"963","14","Dutuwewa","1"
"964","14","Elayapattuwa","1"
"965","14","Eppawala","1"
"966","14","Etawatunuwewa","1"
"967","14","Etaweeragollewa","1"
"968","14","Galadivulwewa","1"
"969","14","Galenbindunuwewa","1"
"970","14","Galkadawala","1"
"971","14","Galkiriyagama","1"
"972","14","Galkulama","1"
"973","14","Galnewa","1"
"974","14","Gambirigaswewa","1"
"975","14","Ganewalpola","1"
"976","14","Gemunupura","1"
"977","14","Getalawa","1"
"978","14","Gnanikulama","1"
"979","14","Gonahaddenawa","1"
"980","14","Habarana","1"
"981","14","Halmillawa Dambulla","1"
"982","14","Halmillawetiya","1"
"983","14","Hidogama","1"
"984","14","Horawpatana","1"
"985","14","Horiwila","1"
"986","14","Hurigaswewa","1"
"987","14","Hurulunikawewa","1"
"988","14","Kagama","1"
"989","14","Kahatagasdigiliya","1"
"990","14","Kahatagollewa","1"
"991","14","Kalakarambewa","1"
"992","14","Kalankuttiya","1"
"993","14","Kalaoya","1"
"994","14","Kalawedi Ulpotha","1"
"995","14","Kallanchiya","1"
"996","14","Kapugallawa","1"
"997","14","Karagahawewa","1"
"998","14","Katiyawa","1"
"999","14","Kebithigollewa","1"
"1000","14","Kekirawa","1"
"1001","14","Kendewa","1"
"1002","14","Kiralogama","1"
"1003","14","Kirigalwewa","1"
"1004","14","Kitulhitiyawa","1"
"1005","14","Kurundankulama","1"
"1006","14","Labunoruwa","1"
"1007","14","lhala Halmillewa","1"
"1008","14","lhalagama","1"
"1009","14","lpologama","1"
"1010","14","Madatugama","1"
"1011","14","Maha Elagamuwa","1"
"1012","14","Mahabulankulama","1"
"1013","14","Mahailluppallama","1"
"1014","14","Mahakanadarawa","1"
"1015","14","Mahapothana","1"
"1016","14","Mahasenpura","1"
"1017","14","Mahawilachchiya","1"
"1018","14","Mailagaswewa","1"
"1019","14","Malwanagama","1"
"1020","14","Maneruwa","1"
"1021","14","Maradankadawala","1"
"1022","14","Maradankalla","1"
"1023","14","Medawachchiya","1"
"1024","14","Megodawewa","1"
"1025","14","Mihintale","1"
"1026","14","Morakewa","1"
"1027","14","Mulkiriyawa","1"
"1028","14","Muriyakadawala","1"
"1029","14","Nachchaduwa","1"
"1030","14","Namalpura","1"
"1031","14","Negampaha","1"
"1032","14","Nochchiyagama","1"
"1033","14","Padavi Maithripura","1"
"1034","14","Padavi Parakramapura","1"
"1035","14","Padavi Sripura","1"
"1036","14","Padavi Sritissapura","1"
"1037","14","Padaviya","1"
"1038","14","Padikaramaduwa","1"
"1039","14","Pahala Halmillewa","1"
"1040","14","Pahala Maragahawe","1"
"1041","14","Pahalagama","1"
"1042","14","Palagala","1"
"1043","14","Palugaswewa","1"
"1044","14","Pandukabayapura","1"
"1045","14","Pandulagama","1"
"1046","14","Parakumpura","1"
"1047","14","Parangiyawadiya","1"
"1048","14","Parasangahawewa","1"
"1049","14","Pemaduwa","1"
"1050","14","Perimiyankulama","1"
"1051","14","Pihimbiyagolewa","1"
"1052","14","Pubbogama","1"
"1053","14","Puliyankulama","1"
"1054","14","Pulmoddai","1"
"1055","14","Punewa","1"
"1056","14","Rajanganaya","1"
"1057","14","Rambewa","1"
"1058","14","Rampathwila","1"
"1059","14","Ranorawa","1"
"1060","14","Rathmalgahawewa","1"
"1061","14","Saliyapura","1"
"1062","14","Seeppukulama","1"
"1063","14","Senapura","1"
"1064","14","Sivalakulama","1"
"1065","14","Siyambalewa","1"
"1066","14","Sravasthipura","1"
"1067","14","Talawa","1"
"1068","14","Tambuttegama","1"
"1069","14","Tammennawa","1"
"1070","14","Tantirimale","1"
"1071","14","Telhiriyawa","1"
"1072","14","Tennamarawadiya","1"
"1073","14","Tirappane","1"
"1074","14","Tittagonewa","1"
"1075","14","Udunuwara Colony","1"
"1076","14","Upuldeniya","1"
"1077","14","Uttimaduwa","1"
"1078","14","Viharapalugama","1"
"1079","14","Vijithapura","1"
"1080","14","Wahalkada","1"
"1081","14","Wahamalgollewa","1"
"1082","14","Walagambahuwa","1"
"1083","14","Walahaviddawewa","1"
"1084","14","Welimuwapotana","1"
"1085","14","Welioya Project","1"
"1086","15","Alutwewa","1"
"1087","15","Aralaganwila","1"
"1088","15","Aselapura","1"
"1089","15","Attanakadawala","1"
"1090","15","Bakamuna","1"
"1091","15","Dalukana","1"
"1092","15","Damminna","1"
"1093","15","Dewagala","1"
"1094","15","Dimbulagala","1"
"1095","15","Divulankadawala","1"
"1096","15","Divuldamana","1"
"1097","15","Diyabeduma","1"
"1098","15","Diyasenpura","1"
"1099","15","Elahera","1"
"1100","15","Ellewewa","1"
"1101","15","Galamuna","1"
"1102","15","Galoya Junction","1"
"1103","15","Giritale","1"
"1104","15","Hansayapalama","1"
"1105","15","Hingurakdamana","1"
"1106","15","Hingurakgoda","1"
"1107","15","Jayanthipura","1"
"1108","15","Jayasiripura","1"
"1109","15","Kaduruwela","1"
"1110","15","Kalingaela","1"
"1111","15","Kalukele Badanagala","1"
"1112","15","Kashyapapura","1"
"1113","15","Kawudulla","1"
"1114","15","Kawuduluwewa Stagell","1"
"1115","15","Kottapitiya","1"
"1116","15","Kumaragama","1"
"1117","15","Lakshauyana","1"
"1118","15","Maduruoya","1"
"1119","15","Maha Ambagaswewa","1"
"1120","15","Mahatalakolawewa","1"
"1121","15","Mahawela Sinhapura","1"
"1122","15","Mampitiya","1"
"1123","15","Medirigiriya","1"
"1124","15","Meegaswewa","1"
"1125","15","Minneriya","1"
"1126","15","Mutugala","1"
"1127","15","Nawasenapura","1"
"1128","15","Nelumwewa","1"
"1129","15","Nuwaragala","1"
"1130","15","Onegama","1"
"1131","15","Orubendi Siyambalawa","1"
"1132","15","Palugasdamana","1"
"1133","15","Parakramasamudraya","1"
"1134","15","Pelatiyawa","1"
"1135","15","Pimburattewa","1"
"1136","15","Polonnaruwa","1"
"1137","15","Pulastigama","1"
"1138","15","Sevanapitiya","1"
"1139","15","Sinhagama","1"
"1140","15","Sungavila","1"
"1141","15","Talpotha","1"
"1142","15","Tamankaduwa","1"
"1143","15","Tambala","1"
"1144","15","Unagalavehera","1"
"1145","15","Welikanda","1"
"1146","15","Wijayabapura","1"
"1147","15","Yodaela","1"
"1148","16","Alahengama","1"
"1149","16","Alahitiyawa","1"
"1150","16","Alawatuwala","1"
"1151","16","Alawwa","1"
"1152","16","Ambakote","1"
"1153","16","Ambanpola","1"
"1154","16","Anhandiya","1"
"1155","16","Anukkane","1"
"1156","16","Aragoda","1"
"1157","16","Ataragalla","1"
"1158","16","Awulegama","1"
"1159","16","Balalla","1"
"1160","16","Bamunukotuwa","1"
"1161","16","Bandara Koswatta","1"
"1162","16","Bingiriya","1"
"1163","16","Bogamulla","1"
"1164","16","Bopitiya","1"
"1165","16","Boraluwewa","1"
"1166","16","Boyagane","1"
"1167","16","Bujjomuwa","1"
"1168","16","Buluwala","1"
"1169","16","Dambadeniya","1"
"1170","16","Daraluwa","1"
"1171","16","Deegalla","1"
"1172","16","Delwite","1"
"1173","16","Demataluwa","1"
"1174","16","Diddeniya","1"
"1175","16","Digannewa","1"
"1176","16","Divullegoda","1"
"1177","16","Dodangaslanda","1"
"1178","16","Doratiyawa","1"
"1179","16","Dummalasuriya","1"
"1180","16","Ehetuwewa","1"
"1181","16","Elibichchiya","1"
"1182","16","Embogama","1"
"1183","16","Etungahakotuwa","1"
"1184","16","Galgamuwa","1"
"1185","16","Gallewa","1"
"1186","16","Girathalana","1"
"1187","16","Giriulla","1"
"1188","16","Gokaralla","1"
"1189","16","Gonawila","1"
"1190","16","Halmillawewa","1"
"1191","16","Hengamuwa","1"
"1192","16","Hettipola","1"
"1193","16","Hilogama","1"
"1194","16","Hindagolla","1"
"1195","16","Hiriyala Lenawa","1"
"1196","16","Hiruwalpola","1"
"1197","16","Horambawa","1"
"1198","16","Hulogedara","1"
"1199","16","Hulugalla","1"
"1200","16","Hunupola","1"
"1201","16","Ihala Gomugomuwa","1"
"1202","16","Ihala Katugampala","1"
"1203","16","Indulgodakanda","1"
"1204","16","Inguruwatta","1"
"1205","16","Iriyagolla","1"
"1206","16","Ithanawatta","1"
"1207","16","Kadigawa","1"
"1208","16","Kahapathwala","1"
"1209","16","Kalugamuwa","1"
"1210","16","Kanadeniyawala","1"
"1211","16","Kanattewewa","1"
"1212","16","Karagahagedara","1"
"1213","16","Karambe","1"
"1214","16","Katupota","1"
"1215","16","Kekunagolla","1"
"1216","16","Keppitiwalana","1"
"1217","16","Kimbulwanaoya","1"
"1218","16","Kirimetiyawa","1"
"1219","16","Kirindawa","1"
"1220","16","Kirindigalla","1"
"1221","16","Kithalawa","1"
"1222","16","Kobeigane","1"
"1223","16","Kohilagedara","1"
"1224","16","Konwewa","1"
"1225","16","Kosdeniya","1"
"1226","16","Kosgolla","1"
"1227","16","Kotawehera","1"
"1228","16","Kudagalgamuwa","1"
"1229","16","Kudakatnoruwa","1"
"1230","16","Kuliyapitiya","1"
"1231","16","Kumbukgeta","1"
"1232","16","Kumbukwewa","1"
"1233","16","Kuratihena","1"
"1234","16","Kurunegala","1"
"1235","16","Labbala","1"
"1236","16","lbbagamuwa","1"
"1237","16","lhala Kadigamuwa","1"
"1238","16","llukhena","1"
"1239","16","Lonahettiya","1"
"1240","16","Madahapola","1"
"1241","16","Madakumburumulla","1"
"1242","16","Maduragoda","1"
"1243","16","Maeliya","1"
"1244","16","Magulagama","1"
"1245","16","Mahagalkadawala","1"
"1246","16","Mahagirilla","1"
"1247","16","Mahamukalanyaya","1"
"1248","16","Mahananneriya","1"
"1249","16","Maharachchimulla","1"
"1250","16","Maho","1"
"1251","16","Makulewa","1"
"1252","16","Makulpotha","1"
"1253","16","Makulwewa","1"
"1254","16","Malagane","1"
"1255","16","Mandapola","1"
"1256","16","Maspotha","1"
"1257","16","Mawathagama","1"
"1258","16","Medivawa","1"
"1259","16","Meegalawa","1"
"1260","16","Meetanwala","1"
"1261","16","Meewellawa","1"
"1262","16","Melsiripura","1"
"1263","16","Metikumbura","1"
"1264","16","Metiyagane","1"
"1265","16","Minhettiya","1"
"1266","16","Minuwangete","1"
"1267","16","Mirihanagama","1"
"1268","16","Monnekulama","1"
"1269","16","Moragane","1"
"1270","16","Moragollagama","1"
"1271","16","Morathiha","1"
"1272","16","Munamaldeniya","1"
"1273","16","Muruthenge","1"
"1274","16","Nabadewa","1"
"1275","16","Nagollagama","1"
"1276","16","Nagollagoda","1"
"1277","16","Nakkawatta","1"
"1278","16","Narammala","1"
"1279","16","Narangoda","1"
"1280","16","Nawatalwatta","1"
"1281","16","Nelliya","1"
"1282","16","Nikadalupotha","1"
"1283","16","Nikaweratiya","1"
"1284","16","Padeniya","1"
"1285","16","Padiwela","1"
"1286","16","Pahalagiribawa","1"
"1287","16","Pahamune","1"
"1288","16","Palukadawala","1"
"1289","16","Panadaragama","1"
"1290","16","Panagamuwa","1"
"1291","16","Panaliya","1"
"1292","16","Panliyadda","1"
"1293","16","Pannala","1"
"1294","16","Pansiyagama","1"
"1295","16","Periyakadneluwa","1"
"1296","16","Pihimbiya Ratmale","1"
"1297","16","Pihimbuwa","1"
"1298","16","Pilessa","1"
"1299","16","Polgahawela","1"
"1300","16","Polpitigama","1"
"1301","16","Pothuhera","1"
"1302","16","Puswelitenna","1"
"1303","16","Ridibendiella","1"
"1304","16","Ridigama","1"
"1305","16","Saliya Asokapura","1"
"1306","16","Sandalankawa","1"
"1307","16","Sirisetagama","1"
"1308","16","Siyambalangamuwa","1"
"1309","16","Solepura","1"
"1310","16","Solewewa","1"
"1311","16","Sunandapura","1"
"1312","16","Talawattegedara","1"
"1313","16","Tambutta","1"
"1314","16","Thalahitimulla","1"
"1315","16","Thalakolawewa","1"
"1316","16","Thalwita","1"
"1317","16","Thambagalla","1"
"1318","16","Tharana Udawela","1"
"1319","16","Thimbiriyawa","1"
"1320","16","Tisogama","1"
"1321","16","Torayaya","1"
"1322","16","Tuttiripitigama","1"
"1323","16","Udubaddawa","1"
"1324","16","Uhumiya","1"
"1325","16","Ulpotha Pallekele","1"
"1326","16","Usgala Siyabmalangamuwa","1"
"1327","16","Wadakada","1"
"1328","16","Wadumunnegedara","1"
"1329","16","Walakumburumulla","1"
"1330","16","Wannigama","1"
"1331","16","Wannikudawewa","1"
"1332","16","Wannilhalagama","1"
"1333","16","Wannirasnayakapura","1"
"1334","16","Warawewa","1"
"1335","16","Wariyapola","1"
"1336","16","Watuwatta","1"
"1337","16","Weerapokuna","1"
"1338","16","Welawa Juncton","1"
"1339","16","Welipennagahamulla","1"
"1340","16","Wellagala","1"
"1341","16","Wellarawa","1"
"1342","16","Wellawa","1"
"1343","16","Welpalla","1"
"1344","16","Wennoruwa","1"
"1345","16","Weuda","1"
"1346","16","Wewagama","1"
"1347","16","Yakwila","1"
"1348","16","Yatigaloluwa","1"
"1349","17","Adippala","1"
"1350","17","Ambakandawila","1"
"1351","17","Anamaduwa","1"
"1352","17","Andigama","1"
"1353","17","Angunawila","1"
"1354","17","Arachchikattuwa","1"
"1355","17","Attawilluwa","1"
"1356","17","Bangadeniya","1"
"1357","17","Baranankattuwa","1"
"1358","17","Battuluoya","1"
"1359","17","Bujjampola","1"
"1360","17","Chilaw","1"
"1361","17","Dankotuwa","1"
"1362","17","Dunkannawa","1"
"1363","17","Eluwankulama","1"
"1364","17","Ettale","1"
"1365","17","Galmuruwa","1"
"1366","17","Ihala Kottaramulla","1"
"1367","17","Ihala Puliyankulama","1"
"1368","17","Ilippadeniya","1"
"1369","17","Inginimitiya","1"
"1370","17","Ismailpuram","1"
"1371","17","Kakkapalliya","1"
"1372","17","Kalladiya","1"
"1373","17","Kalpitiya","1"
"1374","17","Kandakuliya","1"
"1375","17","Karativponparappi","1"
"1376","17","Karawitagara","1"
"1377","17","Karuwalagaswewa","1"
"1378","17","Katuneriya","1"
"1379","17","Kirimundalama","1"
"1380","17","Koswatta","1"
"1381","17","Kottantivu","1"
"1382","17","Kottukachchiya","1"
"1383","17","Kudawewa","1"
"1384","17","Kumarakattuwa","1"
"1385","17","Kurinjanpitiya","1"
"1386","17","Kuruketiyawa","1"
"1387","17","Lihiriyagama","1"
"1388","17","Lunuwila","1"
"1389","17","Madampe","1"
"1390","17","Madurankuliya","1"
"1391","17","Mahakumbukkadawala","1"
"1392","17","Mahauswewa","1"
"1393","17","Mahawewa","1"
"1394","17","Mampuri","1"
"1395","17","Mangalaeliya","1"
"1396","17","Marawila","1"
"1397","17","Mudalakkuliya","1"
"1398","17","Mugunuwatawana","1"
"1399","17","Mukkutoduwawa","1"
"1400","17","Mundel","1"
"1401","17","Muttibendiwila","1"
"1402","17","Nainamadama","1"
"1403","17","Nalladarankattuwa","1"
"1404","17","Nattandiya","1"
"1405","17","Nawagattegama","1"
"1406","17","Norachcholai","1"
"1407","17","Palaviya","1"
"1408","17","Pallama","1"
"1409","17","Palliwasalturai","1"
"1410","17","Panirendawa","1"
"1411","17","Pothuwatawana","1"
"1412","17","Puttalam","1"
"1413","17","Puttalam Cement Factory","1"
"1414","17","Rajakadaluwa","1"
"1415","17","Saliyawewa Junction","1"
"1416","17","Serukele","1"
"1417","17","Sirambiadiya","1"
"1418","17","Siyambalagashene","1"
"1419","17","Tabbowa","1"
"1420","17","Talawila Church","1"
"1421","17","Toduwawa","1"
"1422","17","Udappuwa","1"
"1423","17","Uridyawa","1"
"1424","17","Vanathawilluwa","1"
"1425","17","Waikkal","1"
"1426","17","Watugahamulla","1"
"1427","17","Wennappuwa","1"
"1428","17","Wijeyakatupotha","1"
"1429","17","Wilpotha","1"
"1430","17","Yogiyana","1"
"1431","18","Akarella","1"
"1432","18","Atakalanpanna","1"
"1433","18","Ayagama","1"
"1434","18","Balangoda","1"
"1435","18","Batatota","1"
"1436","18","Belihuloya","1"
"1437","18","Bolthumbe","1"
"1438","18","Bomluwageaina","1"
"1439","18","Bulutota","1"
"1440","18","Dambuluwana","1"
"1441","18","Daugala","1"
"1442","18","Dela","1"
"1443","18","Delwala","1"
"1444","18","Demuwatha","1"
"1445","18","Dodampe","1"
"1446","18","Doloswalakanda","1"
"1447","18","Dumbara Manana","1"
"1448","18","Eheliyagoda","1"
"1449","18","Elapatha","1"
"1450","18","Ellagawa","1"
"1451","18","Ellaulla","1"
"1452","18","Ellawala","1"
"1453","18","Embilipitiya","1"
"1454","18","Eratna","1"
"1455","18","Erepola","1"
"1456","18","Gabbela","1"
"1457","18","Gallella","1"
"1458","18","Gangeyaya","1"
"1459","18","Gawaragiriya","1"
"1460","18","Getahetta","1"
"1461","18","Gillimale","1"
"1462","18","Godagampola","1"
"1463","18","Godakawela","1"
"1464","18","Gurubewilagama","1"
"1465","18","Halpe","1"
"1466","18","Halwinna","1"
"1467","18","Handagiriya","1"
"1468","18","Hapugastenna","1"
"1469","18","Hatangala","1"
"1470","18","Hatarabage","1"
"1471","18","Hidellana","1"
"1472","18","Hiramadagama","1"
"1473","18","Ihalagama","1"
"1474","18","Ittakanda","1"
"1475","18","Kahangama","1"
"1476","18","Kahawatta","1"
"1477","18","Kalawana","1"
"1478","18","Kaltota","1"
"1479","18","Karandana","1"
"1480","18","Karangoda","1"
"1481","18","Kella Junction","1"
"1482","18","Kiriella","1"
"1483","18","Kolambageara","1"
"1484","18","Kolombugama","1"
"1485","18","Kolonna","1"
"1486","18","Kudawa","1"
"1487","18","Kuruwita","1"
"1488","18","Lellopitiya","1"
"1489","18","lmbulpe","1"
"1490","18","Madalagama","1"
"1491","18","Mahawalatenna","1"
"1492","18","Makandura Sabara","1"
"1493","18","Malwala Junction","1"
"1494","18","Marapana","1"
"1495","18","Matuwagalagama","1"
"1496","18","Medagalatur","1"
"1497","18","Meddekanda","1"
"1498","18","Minipura Dumbara","1"
"1499","18","Mitipola","1"
"1500","18","Morahela","1"
"1501","18","Mulendiyawala","1"
"1502","18","Mulgama","1"
"1503","18","Nawalakanda","1"
"1504","18","NawinnaPinnakanda","1"
"1505","18","Niralagama","1"
"1506","18","Nivitigala","1"
"1507","18","Omalpe","1"
"1508","18","Opanayaka","1"
"1509","18","Padalangala","1"
"1510","18","Pallebedda","1"
"1511","18","Pambagolla","1"
"1512","18","Panamura","1"
"1513","18","Panapitiya","1"
"1514","18","Panapola","1"
"1515","18","Panawala","1"
"1516","18","Parakaduwa","1"
"1517","18","Pebotuwa","1"
"1518","18","Pelmadulla","1"
"1519","18","Pimbura","1"
"1520","18","Pinnawala","1"
"1521","18","Pothupitiya","1"
"1522","18","Rajawaka","1"
"1523","18","Rakwana","1"
"1524","18","Ranwala","1"
"1525","18","Rassagala","1"
"1526","18","Ratna Hangamuwa","1"
"1527","18","Ratnapura","1"
"1528","18","Samanalawewa","1"
"1529","18","Sri Palabaddala","1"
"1530","18","Sudagala","1"
"1531","18","Talakolahinna","1"
"1532","18","Tanjantenna","1"
"1533","18","Teppanawa","1"
"1534","18","Tunkama","1"
"1535","18","Udaha Hawupe","1"
"1536","18","Udakarawita","1"
"1537","18","Udaniriella","1"
"1538","18","Udawalawe","1"
"1539","18","Ullinduwawa","1"
"1540","18","Veddagala","1"
"1541","18","Vijeriya","1"
"1542","18","Waleboda","1"
"1543","18","Watapotha","1"
"1544","18","Waturawa","1"
"1545","18","Weligepola","1"
"1546","18","Welipathayaya","1"
"1547","18","Wewelwatta","1"
"1548","18","Wikiliya","1"
"1549","19","Alawatura","1"
"1550","19","Algama","1"
"1551","19","Alutnuwara","1"
"1552","19","Ambalakanda","1"
"1553","19","Ambulugala","1"
"1554","19","Amitirigala","1"
"1555","19","Ampagala","1"
"1556","19","Anhettigama","1"
"1557","19","Aranayaka","1"
"1558","19","Aruggammana","1"
"1559","19","Atale","1"
"1560","19","Batuwita","1"
"1561","19","Beligala(Sab)","1"
"1562","19","Berannawa","1"
"1563","19","Bopitiya (SAB)","1"
"1564","19","Boralankada","1"
"1565","19","Bossella","1"
"1566","19","Bulathkohupitiya","1"
"1567","19","Damunupola","1"
"1568","19","Debathgama","1"
"1569","19","Dedugala","1"
"1570","19","Deewala Pallegama","1"
"1571","19","Dehiowita","1"
"1572","19","Deldeniya","1"
"1573","19","Deloluwa","1"
"1574","19","Deraniyagala","1"
"1575","19","Dewalegama","1"
"1576","19","Dewanagala","1"
"1577","19","Dombemada","1"
"1578","19","Dorawaka","1"
"1579","19","Dunumala","1"
"1580","19","Galapitamada","1"
"1581","19","Galatara","1"
"1582","19","Galigamuwa Town","1"
"1583","19","Galpatha(Sab)","1"
"1584","19","Gantuna","1"
"1585","19","Gonagala","1"
"1586","19","Hakahinna","1"
"1587","19","Hakbellawaka","1"
"1588","19","Helamada","1"
"1589","19","Hemmatagama","1"
"1590","19","Hettimulla","1"
"1591","19","Hewadiwela","1"
"1592","19","Hingula","1"
"1593","19","Hinguralakanda","1"
"1594","19","Hiriwadunna","1"
"1595","19","Imbulana","1"
"1596","19","Imbulgasdeniya","1"
"1597","19","Kabagamuwa","1"
"1598","19","Kannattota","1"
"1599","19","Kegalle","1"
"1600","19","Kehelpannala","1"
"1601","19","Kitulgala","1"
"1602","19","Kondeniya","1"
"1603","19","Kotiyakumbura","1"
"1604","19","Lewangama","1"
"1605","19","Mahabage","1"
"1606","19","Mahapallegama","1"
"1607","19","Maharangalla","1"
"1608","19","Makehelwala","1"
"1609","19","Malalpola","1"
"1610","19","Maliboda","1"
"1611","19","Malmaduwa","1"
"1612","19","Mawanella","1"
"1613","19","Migastenna Sabara","1"
"1614","19","Miyanawita","1"
"1615","19","Molagoda","1"
"1616","19","Morontota","1"
"1617","19","Nelundeniya","1"
"1618","19","Niyadurupola","1"
"1619","19","Noori","1"
"1620","19","Parape","1"
"1621","19","Pattampitiya","1"
"1622","19","Pinnawala","1"
"1623","19","Pitagaldeniya","1"
"1624","19","Pothukoladeniya","1"
"1625","19","Rambukkana","1"
"1626","19","Ruwanwella","1"
"1627","19","Seaforth Colony","1"
"1628","19","Talgaspitiya","1"
"1629","19","Teligama","1"
"1630","19","Tholangamuwa","1"
"1631","19","Thotawella","1"
"1632","19","Tulhiriya","1"
"1633","19","Tuntota","1"
"1634","19","Udagaldeniya","1"
"1635","19","Udapotha","1"
"1636","19","Udumulla","1"
"1637","19","Undugoda","1"
"1638","19","Ussapitiya","1"
"1639","19","Wahakula","1"
"1640","19","Waharaka","1"
"1641","19","Warakapola","1"
"1642","19","Watura","1"
"1643","19","Weeoya","1"
"1644","19","Wegalla","1"
"1645","19","Welihelatenna","1"
"1646","19","Weragala","1"
"1647","19","Yatagama","1"
"1648","19","Yatapana","1"
"1649","19","Yatiyantota","1"
"1650","19","Yattogoda","1"
"1651","20","Agaliya","1"
"1652","20","Ahangama","1"
"1653","20","Ahungalla","1"
"1654","20","Akmeemana","1"
"1655","20","Aluthwala","1"
"1656","20","Ambalangoda","1"
"1657","20","Ampegama","1"
"1658","20","Amugoda","1"
"1659","20","Anangoda","1"
"1660","20","Angulugaha","1"
"1661","20","Ankokkawala","1"
"1662","20","Baddegama","1"
"1663","20","Balapitiya","1"
"1664","20","Banagala","1"
"1665","20","Batapola","1"
"1666","20","Bentota","1"
"1667","20","Boossa","1"
"1668","20","Dikkumbura","1"
"1669","20","Dodanduwa","1"
"1670","20","Ella Tanabaddegama","1"
"1671","20","Elpitiya","1"
"1672","20","Ethkandura","1"
"1673","20","Galle","1"
"1674","20","Ganegoda","1"
"1675","20","Ginimellagaha","1"
"1676","20","Gintota","1"
"1677","20","Godahena","1"
"1678","20","Gonagalpura","1"
"1679","20","Gonamulla Junction","1"
"1680","20","Gonapinuwala","1"
"1681","20","Habaraduwa","1"
"1682","20","Haburugala","1"
"1683","20","Halvitigala Colony","1"
"1684","20","Hapugala","1"
"1685","20","Hawpe","1"
"1686","20","Hikkaduwa","1"
"1687","20","Hinatigala","1"
"1688","20","Hiniduma","1"
"1689","20","Hiyare","1"
"1690","20","Ihala Walpola","1"
"1691","20","Induruwa","1"
"1692","20","Kahaduwa","1"
"1693","20","Kahawa","1"
"1694","20","Kananke Bazaar","1"
"1695","20","Karagoda","1"
"1696","20","Karandeniya","1"
"1697","20","Karapitiya","1"
"1698","20","Koggala","1"
"1699","20","Kosgoda","1"
"1700","20","Kottawagama","1"
"1701","20","Kuleegoda","1"
"1702","20","lhalahewessa","1"
"1703","20","lmaduwa","1"
"1704","20","lnduruwa","1"
"1705","20","Magedara","1"
"1706","20","Malgalla Talangalla","1"
"1707","20","Mapalagama","1"
"1708","20","Mapalagama Central","1"
"1709","20","Mattaka","1"
"1710","20","Meda-Keembiya","1"
"1711","20","Meetiyagoda","1"
"1712","20","Miriswatta","1"
"1713","20","Nagoda","1"
"1714","20","Nakiyadeniya","1"
"1715","20","Nawadagala","1"
"1716","20","Neluwa","1"
"1717","20","Nindana","1"
"1718","20","Opatha","1"
"1719","20","Panangala","1"
"1720","20","Pannimulla Panagoda","1"
"1721","20","Parana ThanaYamgoda","1"
"1722","20","Pitigala","1"
"1723","20","Poddala","1"
"1724","20","Porawagama","1"
"1725","20","Rantotuwila","1"
"1726","20","Ratgama","1"
"1727","20","Talagampola","1"
"1728","20","Talgaspe","1"
"1729","20","Talgaswela","1"
"1730","20","Talpe","1"
"1731","20","Tawalama","1"
"1732","20","Tiranagama","1"
"1733","20","Udalamatta","1"
"1734","20","Udugama","1"
"1735","20","Uluvitike","1"
"1736","20","Unawatuna","1"
"1737","20","Unenwitiya","1"
"1738","20","Uragaha","1"
"1739","20","Uragasmanhandiya","1"
"1740","20","Wakwella","1"
"1741","20","Walahanduwa","1"
"1742","20","Wanchawela","1"
"1743","20","Wanduramba","1"
"1744","20","Warukandeniya","1"
"1745","20","Watugedara","1"
"1746","20","Weihena","1"
"1747","20","Yakkalamulla","1"
"1748","20","Yatalamatta","1"
"1749","21","Akuressa","1"
"1750","21","Alapaladeniya","1"
"1751","21","Aparekka","1"
"1752","21","Athuraliya","1"
"1753","21","Bengamuwa","1"
"1754","21","Beralapanathara","1"
"1755","21","Bopagoda","1"
"1756","21","Dampahala","1"
"1757","21","Deegala Lenama","1"
"1758","21","Deiyandara","1"
"1759","21","Dellawa","1"
"1760","21","Denagama","1"
"1761","21","Denipitiya","1"
"1762","21","Deniyaya","1"
"1763","21","Derangala","1"
"1764","21","Devinuwara (Dondra)","1"
"1765","21","Dikwella","1"
"1766","21","Diyagaha","1"
"1767","21","Diyalape","1"
"1768","21","Gandara","1"
"1769","21","Godapitiya","1"
"1770","21","Gomilamawarala","1"
"1771","21","Hakmana","1"
"1772","21","Handugala","1"
"1773","21","Horapawita","1"
"1774","21","Kalubowitiyana","1"
"1775","21","Kamburugamuwa","1"
"1776","21","Kamburupitiya","1"
"1777","21","Karagoda Uyangoda","1"
"1778","21","Karaputugala","1"
"1779","21","Karatota","1"
"1780","21","Kekanadurra","1"
"1781","21","Kiriweldola","1"
"1782","21","Kiriwelkele","1"
"1783","21","Kolawenigama","1"
"1784","21","Kotapola","1"
"1785","21","Kottegoda","1"
"1786","21","Lankagama","1"
"1787","21","Makandura","1"
"1788","21","Maliduwa","1"
"1789","21","Maramba","1"
"1790","21","Matara","1"
"1791","21","Mediripitiya","1"
"1792","21","Miella","1"
"1793","21","Mirissa","1"
"1794","21","Moragala Kirillapone","1"
"1795","21","Morawaka","1"
"1796","21","Mulatiyana Junction","1"
"1797","21","Nadugala","1"
"1798","21","Naimana","1"
"1799","21","Narawelpita","1"
"1800","21","Pahala Millawa","1"
"1801","21","Palatuwa","1"
"1802","21","Paragala","1"
"1803","21","Parapamulla","1"
"1804","21","Pasgoda","1"
"1805","21","Penetiyana","1"
"1806","21","Pitabeddara","1"
"1807","21","Polhena","1"
"1808","21","Pothdeniya","1"
"1809","21","Puhulwella","1"
"1810","21","Radawela","1"
"1811","21","Ransegoda","1"
"1812","21","Ratmale","1"
"1813","21","Rotumba","1"
"1814","21","Siyambalagoda","1"
"1815","21","Sultanagoda","1"
"1816","21","Telijjawila","1"
"1817","21","Thihagoda","1"
"1818","21","Urubokka","1"
"1819","21","Urugamuwa","1"
"1820","21","Urumutta","1"
"1821","21","Viharahena","1"
"1822","21","Walakanda","1"
"1823","21","Walasgala","1"
"1824","21","Walpola","1"
"1825","21","Waralla","1"
"1826","21","Weligama","1"
"1827","21","Wilpita","1"
"1828","21","Yatiyana","1"
"1829","22","Ambalantota","1"
"1830","22","Angunakolapelessa","1"
"1831","22","Bandagiriya Colony","1"
"1832","22","Barawakumbuka","1"
"1833","22","Beliatta","1"
"1834","22","Beragama","1"
"1835","22","Beralihela","1"
"1836","22","Bowalagama","1"
"1837","22","Bundala","1"
"1838","22","Ellagala","1"
"1839","22","Gangulandeniya","1"
"1840","22","Getamanna","1"
"1841","22","Goda Koggalla","1"
"1842","22","Gonagamuwa Uduwila","1"
"1843","22","Gonnoruwa","1"
"1844","22","Hakuruwela","1"
"1845","22","Hambantota","1"
"1846","22","Horewelagoda","1"
"1847","22","Hungama","1"
"1848","22","Ihala Beligalla","1"
"1849","22","Ittademaliya","1"
"1850","22","Julampitiya","1"
"1851","22","Kahandamodara","1"
"1852","22","Kariyamaditta","1"
"1853","22","Katuwana","1"
"1854","22","Kawantissapura","1"
"1855","22","Kirama","1"
"1856","22","Kirinda","1"
"1857","22","Lunama","1"
"1858","22","Lunugamwehera","1"
"1859","22","Magama","1"
"1860","22","Mahagalwewa","1"
"1861","22","Mamadala","1"
"1862","22","Medamulana","1"
"1863","22","Middeniya","1"
"1864","22","Migahajandur","1"
"1865","22","Modarawana","1"
"1866","22","Mulkirigala","1"
"1867","22","Nakulugamuwa","1"
"1868","22","Netolpitiya","1"
"1869","22","Nihiluwa","1"
"1870","22","Padawkema","1"
"1871","22","Pahala Andarawewa","1"
"1872","22","Pallekanda","1"
"1873","22","Rammalawarapitiya","1"
"1874","22","Ranakeliya","1"
"1875","22","Ranmuduwewa","1"
"1876","22","Ranna","1"
"1877","22","Ratmalwala","1"
"1878","22","RU/Ridiyagama","1"
"1879","22","Sooriyawewa Town","1"
"1880","22","Tangalla","1"
"1881","22","Tissamaharama","1"
"1882","22","Uda Gomadiya","1"
"1883","22","Udamattala","1"
"1884","22","Uswewa","1"
"1885","22","Vitharandeniya","1"
"1886","22","Walasmulla","1"
"1887","22","Weeraketiya","1"
"1888","22","Weerawila","1"
"1889","22","Weerawila NewTown","1"
"1890","22","Wekandawela","1"
"1891","22","Weligatta","1"
"1892","22","Yala","1"
"1893","22","Yatigala","1"
"1894","23","Akkarasiyaya","1"
"1895","23","Aluketiyawa","1"
"1896","23","Aluttaramma","1"
"1897","23","Ambadandegama","1"
"1898","23","Ambagahawatta","1"
"1899","23","Ambagasdowa","1"
"1900","23","Amunumulla","1"
"1901","23","Arawa","1"
"1902","23","Arawakumbura","1"
"1903","23","Arawatta","1"
"1904","23","Atakiriya","1"
"1905","23","Badulla","1"
"1906","23","Baduluoya","1"
"1907","23","Ballaketuwa","1"
"1908","23","Bambarapana","1"
"1909","23","Bandarawela","1"
"1910","23","Beramada","1"
"1911","23","Bibilegama","1"
"1912","23","Bogahakumbura","1"
"1913","23","Boralanda","1"
"1914","23","Bowela","1"
"1915","23","Dambana","1"
"1916","23","Demodara","1"
"1917","23","Diganatenna","1"
"1918","23","Dikkapitiya","1"
"1919","23","Dimbulana","1"
"1920","23","Divulapelessa","1"
"1921","23","Diyatalawa","1"
"1922","23","Dulgolla","1"
"1923","23","Egodawela","1"
"1924","23","Ella","1"
"1925","23","Ettampitiya","1"
"1926","23","Galauda","1"
"1927","23","Galedanda","1"
"1928","23","Galporuyaya","1"
"1929","23","Gamewela","1"
"1930","23","Gawarawela","1"
"1931","23","Girandurukotte","1"
"1932","23","Godunna","1"
"1933","23","Gurutalawa","1"
"1934","23","Haldummulla","1"
"1935","23","Hali Ela","1"
"1936","23","Hangunnawa","1"
"1937","23","Haputale","1"
"1938","23","Hebarawa","1"
"1939","23","Heeloya","1"
"1940","23","Helahalpe","1"
"1941","23","Helapupula","1"
"1942","23","Hewanakumbura","1"
"1943","23","Hingurukaduwa","1"
"1944","23","Hopton","1"
"1945","23","Idalgashinna","1"
"1946","23","Jangulla","1"
"1947","23","Kahataruppa","1"
"1948","23","Kalubululanda","1"
"1949","23","Kalugahakandura","1"
"1950","23","Kalupahana","1"
"1951","23","Kandaketya","1"
"1952","23","Kandegedara","1"
"1953","23","Kandepuhulpola","1"
"1954","23","Kebillawela","1"
"1955","23","Kendagolla","1"
"1956","23","Keppetipola","1"
"1957","23","Keselpotha","1"
"1958","23","Ketawatta","1"
"1959","23","Kiriwanagama","1"
"1960","23","Koslanda","1"
"1961","23","Kotamuduna","1"
"1962","23","Kuruwitenna","1"
"1963","23","Kuttiyagolla","1"
"1964","23","Landewela","1"
"1965","23","Liyangahawela","1"
"1966","23","Lunugala","1"
"1967","23","Lunuwatta","1"
"1968","23","Madulsima","1"
"1969","23","Mahiyanganaya","1"
"1970","23","Makulella","1"
"1971","23","Malgoda","1"
"1972","23","Maliyadda","1"
"1973","23","Mapakadawewa","1"
"1974","23","Maspanna","1"
"1975","23","Maussagolla","1"
"1976","23","Medawela Udukinda","1"
"1977","23","Medawelagama","1"
"1978","23","Meegahakiula","1"
"1979","23","Metigahatenna","1"
"1980","23","Mirahawatta","1"
"1981","23","Miriyabedda","1"
"1982","23","Miyanakandura","1"
"1983","23","Namunukula","1"
"1984","23","Narangala","1"
"1985","23","Nelumgama","1"
"1986","23","Nikapotha","1"
"1987","23","Nugatalawa","1"
"1988","23","Ohiya","1"
"1989","23","Pahalarathkinda","1"
"1990","23","Pallekiruwa","1"
"1991","23","Passara","1"
"1992","23","Pathanewatta","1"
"1993","23","Pattiyagedara","1"
"1994","23","Pelagahatenna","1"
"1995","23","Perawella","1"
"1996","23","Pitamaruwa","1"
"1997","23","Pitapola","1"
"1998","23","Puhulpola","1"
"1999","23","Ratkarawwa","1"
"2000","23","Ridimaliyadda","1"
"2001","23","Rilpola","1"
"2002","23","Silmiyapura","1"
"2003","23","Sirimalgoda","1"
"2004","23","Sorabora Colony","1"
"2005","23","Soragune","1"
"2006","23","Soranatota","1"
"2007","23","Spring Valley","1"
"2008","23","Taldena","1"
"2009","23","Tennepanguwa","1"
"2010","23","Timbirigaspitiya","1"
"2011","23","Uduhawara","1"
"2012","23","Uraniya","1"
"2013","23","Uva Deegalla","1"
"2014","23","Uva Karandagolla","1"
"2015","23","Uva Mawelagama","1"
"2016","23","Uva Tenna","1"
"2017","23","Uva Tissapura","1"
"2018","23","Uva Uduwara","1"
"2019","23","Uvaparanagama","1"
"2020","23","Welimada","1"
"2021","23","Wewatta","1"
"2022","23","Wineethagama","1"
"2023","23","Yalagamuwa","1"
"2024","23","Yalwela","1"
"2025","24","Angunakolawewa","1"
"2026","24","Ayiwela","1"
"2027","24","Badalkumbura","1"
"2028","24","Baduluwela","1"
"2029","24","Bakinigahawela","1"
"2030","24","Balaharuwa","1"
"2031","24","Bibile","1"
"2032","24","Boragas","1"
"2033","24","Buddama","1"
"2034","24","Buttala","1"
"2035","24","Dambagalla","1"
"2036","24","Diyakobala","1"
"2037","24","Dombagahawela","1"
"2038","24","Ekamutugama","1"
"2039","24","Ekiriyankumbura","1"
"2040","24","Ethimalewewa","1"
"2041","24","Ettiliwewa","1"
"2042","24","Galabedda","1"
"2043","24","Hambegamuwa","1"
"2044","24","Hulandawa","1"
"2045","24","Inginiyagala","1"
"2046","24","Kandaudapanguwa","1"
"2047","24","Kandawinna","1"
"2048","24","Kataragama","1"
"2049","24","Kiriibbanwewa","1"
"2050","24","Kotagama","1"
"2051","24","Kotawehera Mankada","1"
"2052","24","Kotiyagala","1"
"2053","24","Kumbukkana","1"
"2054","24","Mahagama Colony","1"
"2055","24","Marawa","1"
"2056","24","Mariarawa","1"
"2057","24","Medagana","1"
"2058","24","Monaragala","1"
"2059","24","Moretuwegama","1"
"2060","24","Nakkala","1"
"2061","24","Nannapurawa","1"
"2062","24","Nelliyadda","1"
"2063","24","Nilgala","1"
"2064","24","Obbegoda","1"
"2065","24","Okkampitiya","1"
"2066","24","Pangura","1"
"2067","24","Pitakumbura","1"
"2068","24","Randeniya","1"
"2069","24","Ruwalwela","1"
"2070","24","Sella Kataragama","1"
"2071","24","Sewanagala","1"
"2072","24","Siyambalagune","1"
"2073","24","Siyambalanduwa","1"
"2074","24","Suriara","1"
"2075","24","Tanamalwila","1"
"2076","24","Uva Gangodagama","1"
"2077","24","Uva Kudaoya","1"
"2078","24","Uva Pelwatta","1"
"2079","24","Warunagama","1"
"2080","24","Wedikumbura","1"
"2081","24","Weherayaya Handapanagala","1"
"2082","24","Wellawaya","1"
"2083","24","Wilaoya","1"
